customer_id,tenure,monthly_charges,support_calls,contract_type,internet_service,payment_method,senior_citizen,paperless_billing,churn
1,7,101.2,3,One year,DSL,Bank transfer,0,0,1
2,55,63.69,4,One year,Fiber optic,Mailed check,1,1,0
3,47,79.09,2,Two year,Fiber optic,Electronic check,0,1,1
4,32,18.0,1,Month-to-month,Fiber optic,Mailed check,0,0,0
5,31,41.09,0,Month-to-month,Fiber optic,Mailed check,0,0,0
6,61,62.66,3,Month-to-month,Fiber optic,Credit card,0,0,1
7,7,43.2,1,One year,Fiber optic,Mailed check,0,1,0
8,50,,2,Month-to-month,Fiber optic,Mailed check,0,0,1
9,15,119.93,2,One year,DSL,Electronic check,0,0,1
10,7,40.58,3,One year,Fiber optic,Mailed check,1,0,1
11,38,49.06,4,Month-to-month,Fiber optic,Mailed check,0,0,1
12,70,75.89,1,Month-to-month,,Electronic check,0,0,0
13,53,110.28,7,One year,Fiber optic,Bank transfer,0,1,0
14,55,39.44,3,Two year,Fiber optic,Mailed check,0,0,0
15,51,,5,Month-to-month,DSL,Credit card,0,0,0
16,56,115.53,3,Month-to-month,Fiber optic,Electronic check,0,0,1
17,37,28.71,2,Month-to-month,DSL,Mailed check,0,1,0
18,10,37.97,1,Month-to-month,Fiber optic,Mailed check,0,0,0
19,60,59.41,2,Month-to-month,Fiber optic,Bank transfer,0,1,1
20,32,56.99,2,Two year,Fiber optic,Credit card,0,1,0
21,36,90.32,0,Two year,Fiber optic,Bank transfer,1,1,0
22,27,76.04,1,Month-to-month,No,Mailed check,0,0,0
23,13,25.63,2,Month-to-month,Fiber optic,Electronic check,0,1,1
24,66,82.89,0,Month-to-month,Fiber optic,Credit card,0,1,0
25,56,55.56,1,One year,No,Credit card,0,0,1
26,46,101.86,2,Month-to-month,Fiber optic,Bank transfer,0,1,1
27,29,54.31,2,One year,Fiber optic,Bank transfer,0,1,0
28,59,54.08,2,Month-to-month,DSL,Credit card,0,0,0
29,39,83.53,2,One year,DSL,Bank transfer,0,1,0
30,32,89.07,1,Month-to-month,DSL,Bank transfer,0,1,0
31,32,81.2,5,One year,DSL,Credit card,0,0,1
32,17,27.86,2,One year,Fiber optic,Credit card,0,1,0
33,7,83.45,0,Month-to-month,DSL,Electronic check,0,0,1
34,40,44.14,2,Month-to-month,Fiber optic,Mailed check,0,0,1
35,64,75.88,4,Two year,DSL,Mailed check,0,0,1
36,5,34.41,1,One year,DSL,Electronic check,0,1,1
37,61,81.16,2,Month-to-month,No,Credit card,0,1,0
38,59,49.84,0,Month-to-month,Fiber optic,Mailed check,1,1,1
39,20,37.93,1,Month-to-month,No,Mailed check,0,1,0
40,45,87.85,1,One year,Fiber optic,Bank transfer,0,1,0
41,12,76.04,4,One year,DSL,Bank transfer,0,1,0
42,54,54.65,2,Month-to-month,Fiber optic,Credit card,0,1,1
43,50,106.28,5,One year,Fiber optic,Mailed check,0,0,1
44,26,58.98,4,One year,,Mailed check,0,1,1
45,5,70.8,2,One year,No,Credit card,1,1,0
46,69,76.72,4,Month-to-month,Fiber optic,Electronic check,0,1,1
47,32,54.51,3,Month-to-month,Fiber optic,Bank transfer,1,1,0
48,64,81.78,1,Month-to-month,Fiber optic,Electronic check,0,1,1
49,49,56.66,4,Month-to-month,Fiber optic,Credit card,0,0,1
50,56,59.71,4,Month-to-month,DSL,Mailed check,0,1,0
51,54,104.07,2,Month-to-month,No,Bank transfer,0,1,1
52,14,43.99,0,Month-to-month,Fiber optic,Mailed check,0,1,0
53,26,18.0,2,One year,DSL,Credit card,0,0,1
54,34,110.27,2,Month-to-month,DSL,Electronic check,0,0,1
55,36,133.73,4,One year,Fiber optic,Bank transfer,0,1,1
56,4,59.87,2,Month-to-month,No,Mailed check,0,1,1
57,39,21.58,2,Month-to-month,No,Electronic check,0,1,0
58,11,62.24,1,Month-to-month,Fiber optic,Electronic check,0,1,0
59,53,62.84,0,One year,No,Credit card,1,0,0
60,49,65.25,1,One year,Fiber optic,Electronic check,0,0,0
61,66,42.17,2,Month-to-month,DSL,Credit card,0,1,0
62,53,84.49,1,One year,Fiber optic,Bank transfer,0,0,0
63,27,83.11,3,Month-to-month,DSL,Credit card,0,1,0
64,69,32.64,0,One year,DSL,Credit card,0,1,1
65,30,87.48,2,Month-to-month,Fiber optic,Electronic check,0,1,1
66,24,121.32,3,Month-to-month,DSL,Credit card,0,0,1
67,65,74.3,0,Month-to-month,,Electronic check,0,0,0
68,27,61.57,2,Two year,No,Mailed check,0,0,0
69,6,66.45,0,Month-to-month,Fiber optic,Credit card,1,1,1
70,34,85.38,2,One year,Fiber optic,Electronic check,1,0,0
71,57,26.73,3,Month-to-month,Fiber optic,Bank transfer,0,0,1
72,14,74.11,3,Month-to-month,DSL,Bank transfer,0,0,1
73,33,60.24,2,Month-to-month,DSL,Electronic check,0,0,0
74,10,116.2,2,Two year,DSL,Electronic check,0,1,1
75,49,65.65,3,One year,,Electronic check,0,1,1
76,34,111.7,2,Month-to-month,DSL,Credit card,0,1,0
77,24,42.41,0,One year,DSL,Electronic check,0,1,0
78,17,84.68,3,Month-to-month,DSL,Bank transfer,0,0,1
79,41,77.99,4,Month-to-month,No,Bank transfer,0,1,1
80,48,48.27,3,Month-to-month,DSL,Mailed check,1,0,1
81,67,74.43,4,Month-to-month,DSL,Credit card,1,1,1
82,32,100.31,1,Month-to-month,Fiber optic,Bank transfer,0,0,1
83,12,61.91,1,One year,Fiber optic,Bank transfer,0,1,1
84,60,27.7,2,Month-to-month,Fiber optic,Credit card,0,0,1
85,45,69.56,1,Two year,DSL,Mailed check,0,1,0
86,50,47.44,3,One year,Fiber optic,Bank transfer,0,0,1
87,7,61.44,2,Two year,Fiber optic,Electronic check,1,1,1
88,23,67.96,2,One year,Fiber optic,Bank transfer,0,0,0
89,55,27.36,1,Two year,Fiber optic,Mailed check,0,1,0
90,60,29.61,2,Month-to-month,Fiber optic,Electronic check,1,1,0
91,31,82.05,6,Month-to-month,Fiber optic,Bank transfer,0,0,1
92,58,56.93,1,Month-to-month,DSL,Mailed check,0,0,1
93,60,18.0,1,Two year,Fiber optic,Mailed check,0,0,0
94,28,89.62,1,Month-to-month,DSL,Electronic check,0,1,1
95,64,76.81,2,Month-to-month,DSL,Credit card,0,1,1
96,21,52.15,0,One year,Fiber optic,Electronic check,0,0,1
97,18,37.08,1,Month-to-month,DSL,Electronic check,0,0,0
98,49,90.9,0,Two year,DSL,Bank transfer,0,0,1
99,46,78.73,1,Month-to-month,Fiber optic,Credit card,0,0,0
100,10,129.57,2,Month-to-month,Fiber optic,Electronic check,0,1,1
101,60,80.5,1,One year,Fiber optic,Mailed check,1,0,0
102,15,79.69,0,Month-to-month,No,Bank transfer,0,0,1
103,58,,4,Month-to-month,No,Bank transfer,0,1,0
104,1,90.42,3,Month-to-month,Fiber optic,Credit card,0,1,1
105,57,85.63,5,Month-to-month,DSL,Electronic check,0,1,1
106,56,101.29,1,One year,Fiber optic,Mailed check,0,0,0
107,56,56.97,2,Two year,Fiber optic,Mailed check,0,1,1
108,48,59.11,1,Month-to-month,Fiber optic,Bank transfer,0,1,1
109,34,58.02,4,Month-to-month,DSL,Credit card,0,1,1
110,51,89.77,2,Month-to-month,DSL,Bank transfer,0,0,0
111,20,107.46,2,Two year,DSL,Mailed check,0,1,1
112,56,58.53,2,One year,DSL,Credit card,0,1,0
113,40,59.38,3,Month-to-month,DSL,Credit card,0,1,0
114,33,77.85,1,Month-to-month,No,Mailed check,0,1,1
115,36,63.86,1,Two year,DSL,Electronic check,0,1,1
116,41,93.8,2,Two year,Fiber optic,Credit card,0,1,1
117,3,18.0,6,Month-to-month,No,Credit card,0,1,1
118,10,49.33,1,Two year,Fiber optic,Bank transfer,0,0,0
119,18,50.44,4,Month-to-month,Fiber optic,Electronic check,0,0,1
120,9,18.0,2,Month-to-month,Fiber optic,Mailed check,0,1,0
121,32,45.91,2,One year,DSL,Mailed check,0,1,0
122,48,47.12,2,Month-to-month,Fiber optic,Bank transfer,0,1,0
123,47,64.97,2,Month-to-month,Fiber optic,Bank transfer,0,1,1
124,34,97.82,1,Two year,Fiber optic,Mailed check,0,1,0
125,61,63.87,3,Two year,Fiber optic,Mailed check,0,1,1
126,41,44.23,0,Month-to-month,No,Credit card,0,0,0
127,6,68.58,5,One year,Fiber optic,Electronic check,0,1,1
128,55,96.23,1,One year,Fiber optic,Electronic check,0,0,1
129,41,45.6,2,Month-to-month,Fiber optic,Credit card,0,1,1
130,46,47.24,2,Two year,Fiber optic,Mailed check,0,1,0
131,41,83.96,3,One year,Fiber optic,Bank transfer,0,0,1
132,40,64.46,0,Month-to-month,Fiber optic,Electronic check,0,0,0
133,7,86.19,3,Month-to-month,No,Bank transfer,0,0,1
134,40,69.66,3,Two year,Fiber optic,Electronic check,0,1,1
135,57,87.54,2,Two year,Fiber optic,Mailed check,0,1,1
136,22,44.12,1,Month-to-month,DSL,Bank transfer,0,0,1
137,43,69.7,1,Month-to-month,Fiber optic,Bank transfer,0,1,0
138,3,64.73,1,One year,Fiber optic,Mailed check,0,0,0
139,25,,2,Month-to-month,Fiber optic,Mailed check,0,1,1
140,32,30.91,3,Month-to-month,Fiber optic,Mailed check,0,1,0
141,70,87.14,5,Two year,Fiber optic,Mailed check,0,0,1
142,16,61.23,4,One year,DSL,Electronic check,0,0,0
143,20,44.44,1,Two year,DSL,Mailed check,1,1,0
144,30,67.6,5,One year,DSL,Mailed check,1,1,1
145,71,98.2,3,Month-to-month,No,Credit card,0,0,1
146,61,18.0,2,Two year,DSL,Electronic check,0,1,0
147,3,32.58,2,Month-to-month,No,Credit card,0,1,0
148,17,46.93,2,Month-to-month,DSL,Electronic check,0,0,1
149,59,106.53,0,Two year,Fiber optic,Bank transfer,0,1,1
150,5,77.06,3,One year,Fiber optic,Bank transfer,0,1,1
151,61,89.18,4,Two year,Fiber optic,Mailed check,0,0,0
152,20,41.5,0,Month-to-month,Fiber optic,Electronic check,0,1,0
153,66,42.01,1,Two year,Fiber optic,Electronic check,0,0,1
154,21,81.2,0,One year,No,Mailed check,0,0,0
155,31,71.46,5,One year,Fiber optic,Credit card,0,0,0
156,47,83.72,2,Two year,DSL,Electronic check,0,1,1
157,9,65.31,3,Month-to-month,DSL,Credit card,0,1,1
158,40,76.95,1,One year,Fiber optic,Credit card,0,1,1
159,36,73.95,1,One year,Fiber optic,Credit card,0,0,1
160,56,89.44,2,One year,Fiber optic,Electronic check,0,1,0
161,71,90.18,1,Two year,Fiber optic,Electronic check,0,1,0
162,48,29.5,0,One year,Fiber optic,Mailed check,0,0,0
163,30,18.0,1,Month-to-month,Fiber optic,Bank transfer,0,0,1
164,29,,2,Month-to-month,Fiber optic,Mailed check,0,1,1
165,30,99.69,2,Two year,Fiber optic,Bank transfer,1,0,1
166,58,44.48,3,Two year,Fiber optic,Credit card,0,1,0
167,23,23.5,3,Two year,No,Credit card,0,1,1
168,12,,1,Month-to-month,Fiber optic,Credit card,0,0,1
169,24,,1,Month-to-month,No,Bank transfer,0,1,1
170,2,114.94,3,One year,DSL,Bank transfer,0,1,1
171,8,82.91,2,One year,Fiber optic,Mailed check,0,1,0
172,7,60.71,0,Month-to-month,Fiber optic,Credit card,0,1,1
173,55,47.67,0,One year,Fiber optic,Bank transfer,0,1,0
174,52,70.29,2,Month-to-month,DSL,Mailed check,0,1,0
175,50,62.52,3,Month-to-month,Fiber optic,Credit card,0,0,0
176,33,,3,Month-to-month,Fiber optic,Bank transfer,0,1,1
177,51,121.22,4,Month-to-month,No,Credit card,0,0,1
178,12,114.63,2,Month-to-month,,Electronic check,0,1,1
179,64,98.4,2,Two year,DSL,Mailed check,0,1,0
180,36,46.98,1,One year,Fiber optic,Credit card,0,0,0
181,67,91.38,2,Two year,Fiber optic,Bank transfer,0,1,0
182,11,85.99,1,Month-to-month,DSL,Bank transfer,0,0,0
183,36,81.06,2,Month-to-month,Fiber optic,Mailed check,0,0,1
184,50,101.24,0,Month-to-month,Fiber optic,Mailed check,0,0,1
185,36,85.88,0,One year,DSL,Credit card,1,1,0
186,32,88.5,2,Month-to-month,Fiber optic,Bank transfer,0,0,0
187,12,85.92,1,One year,Fiber optic,Mailed check,0,1,0
188,28,78.52,3,One year,Fiber optic,Credit card,0,1,1
189,17,25.41,3,Two year,Fiber optic,Mailed check,1,0,0
190,22,72.09,1,Month-to-month,DSL,Credit card,0,1,0
191,49,56.1,5,Month-to-month,No,Electronic check,0,0,0
192,45,38.0,2,Month-to-month,Fiber optic,Mailed check,0,1,0
193,44,112.05,5,Month-to-month,DSL,Electronic check,0,0,1
194,26,113.22,0,One year,Fiber optic,Mailed check,0,1,1
195,69,103.98,2,Month-to-month,DSL,Electronic check,0,1,0
196,7,76.38,2,One year,,Credit card,1,0,0
197,25,103.77,1,Month-to-month,Fiber optic,Electronic check,0,0,1
198,9,70.3,2,Two year,No,Electronic check,0,0,1
199,25,75.07,6,Two year,No,Bank transfer,0,0,1
200,69,42.66,5,Month-to-month,DSL,Credit card,1,1,0
201,27,79.92,2,Two year,Fiber optic,Electronic check,0,1,0
202,65,71.51,3,Month-to-month,DSL,Electronic check,0,1,1
203,36,37.43,3,One year,Fiber optic,Mailed check,0,1,1
204,50,68.72,5,Two year,Fiber optic,Credit card,0,1,0
205,33,68.01,0,One year,DSL,Electronic check,0,1,0
206,19,114.94,3,One year,DSL,Mailed check,0,0,1
207,55,,0,Month-to-month,DSL,Mailed check,0,0,1
208,69,70.29,2,One year,DSL,Mailed check,1,0,0
209,19,76.22,3,One year,DSL,Credit card,1,0,1
210,56,71.11,4,Month-to-month,No,Credit card,0,0,0
211,19,64.93,0,Month-to-month,Fiber optic,Electronic check,0,0,1
212,51,42.94,1,One year,Fiber optic,Bank transfer,0,0,1
213,57,66.22,3,One year,Fiber optic,Credit card,0,1,0
214,32,51.35,0,Month-to-month,Fiber optic,Credit card,0,0,1
215,53,38.74,2,Two year,Fiber optic,Credit card,0,0,0
216,20,82.78,2,One year,No,Bank transfer,0,0,1
217,6,79.78,3,Month-to-month,Fiber optic,Electronic check,0,1,1
218,7,25.33,4,Month-to-month,Fiber optic,Credit card,0,1,0
219,32,66.93,2,One year,No,Credit card,0,1,1
220,65,94.89,4,One year,Fiber optic,Bank transfer,0,0,0
221,10,96.48,5,Month-to-month,Fiber optic,Mailed check,0,0,1
222,33,95.65,1,Month-to-month,No,Mailed check,0,0,1
223,50,70.97,2,One year,Fiber optic,Bank transfer,0,0,1
224,15,48.87,2,One year,Fiber optic,Credit card,0,1,1
225,52,42.91,1,Two year,DSL,Credit card,0,1,1
226,22,78.62,3,Month-to-month,DSL,Mailed check,1,0,0
227,58,79.48,7,One year,Fiber optic,Bank transfer,1,0,1
228,42,102.18,4,Month-to-month,DSL,Credit card,0,1,1
229,39,97.5,3,Month-to-month,No,Mailed check,1,1,0
230,13,66.69,2,One year,DSL,Electronic check,0,0,1
231,33,38.89,2,One year,Fiber optic,Bank transfer,1,0,1
232,61,62.02,2,Month-to-month,DSL,Bank transfer,1,1,1
233,2,75.43,4,One year,No,Credit card,0,0,1
234,54,64.95,2,Month-to-month,Fiber optic,Mailed check,1,1,0
235,35,55.55,4,Month-to-month,DSL,Mailed check,0,1,1
236,52,76.32,1,Month-to-month,DSL,Credit card,0,0,1
237,48,57.4,0,Month-to-month,Fiber optic,Electronic check,1,1,0
238,31,54.3,2,One year,No,Credit card,0,0,1
239,22,77.79,5,Two year,No,Bank transfer,0,0,1
240,45,59.95,1,One year,DSL,Electronic check,0,0,0
241,10,76.1,1,Month-to-month,Fiber optic,Credit card,0,1,1
242,42,76.83,1,Month-to-month,DSL,Electronic check,1,0,1
243,7,41.51,1,Month-to-month,Fiber optic,Credit card,1,0,1
244,47,57.97,2,One year,Fiber optic,Electronic check,0,1,1
245,45,105.94,4,Month-to-month,DSL,Bank transfer,1,0,1
246,6,40.95,1,Month-to-month,Fiber optic,Credit card,0,1,0
247,54,18.0,1,One year,No,Mailed check,1,1,1
248,30,23.45,4,One year,DSL,Bank transfer,0,1,1
249,56,70.73,2,Month-to-month,DSL,Mailed check,0,1,0
250,3,70.77,1,Month-to-month,DSL,Mailed check,0,1,1
251,13,67.06,2,One year,DSL,Credit card,0,0,0
252,36,100.35,4,Month-to-month,DSL,Electronic check,0,1,1
253,14,18.0,1,Month-to-month,Fiber optic,Bank transfer,0,1,0
254,24,79.9,7,Two year,DSL,Electronic check,0,1,1
255,47,109.04,2,Month-to-month,Fiber optic,Electronic check,0,1,0
256,11,41.81,1,Month-to-month,No,Bank transfer,0,1,0
257,49,60.5,0,Month-to-month,No,Electronic check,0,1,0
258,8,51.18,4,Month-to-month,Fiber optic,Bank transfer,0,0,0
259,13,47.64,1,Month-to-month,DSL,Mailed check,0,1,1
260,42,61.84,3,Month-to-month,DSL,Mailed check,0,1,1
261,57,105.69,4,Month-to-month,DSL,Credit card,0,1,1
262,13,115.93,7,Month-to-month,No,Electronic check,0,0,1
263,22,61.6,3,Two year,No,Mailed check,0,1,1
264,66,117.63,2,Two year,Fiber optic,Credit card,0,1,1
265,71,70.89,1,Month-to-month,DSL,Electronic check,0,1,1
266,42,113.84,3,Month-to-month,Fiber optic,Mailed check,0,1,1
267,32,67.67,3,One year,DSL,Credit card,1,1,1
268,25,73.28,2,Two year,No,Electronic check,0,0,1
269,44,79.14,4,Two year,DSL,Mailed check,0,0,0
270,42,149.47,2,Month-to-month,Fiber optic,Bank transfer,0,1,1
271,21,91.28,3,Month-to-month,Fiber optic,Credit card,0,1,1
272,2,52.32,2,Month-to-month,DSL,Bank transfer,0,1,1
273,11,94.22,5,Two year,Fiber optic,Bank transfer,0,0,1
274,69,60.95,1,One year,Fiber optic,Electronic check,1,0,0
275,30,57.76,4,Month-to-month,DSL,Bank transfer,1,1,1
276,35,92.72,4,Month-to-month,Fiber optic,Bank transfer,0,1,1
277,34,70.78,1,Month-to-month,Fiber optic,Mailed check,0,1,1
278,56,76.96,2,One year,DSL,Electronic check,0,1,0
279,5,70.35,2,Month-to-month,DSL,Mailed check,0,1,0
280,6,78.41,2,One year,DSL,Electronic check,1,1,1
281,20,80.62,3,One year,DSL,Mailed check,0,0,1
282,35,21.58,1,One year,Fiber optic,Credit card,0,1,0
283,48,86.66,2,Month-to-month,Fiber optic,Mailed check,0,1,1
284,35,45.45,2,Two year,Fiber optic,Mailed check,0,1,0
285,32,33.94,2,One year,No,Credit card,0,1,1
286,67,68.54,2,Month-to-month,Fiber optic,Bank transfer,0,0,1
287,12,72.1,3,Month-to-month,Fiber optic,Bank transfer,0,0,1
288,41,52.66,3,One year,Fiber optic,Bank transfer,0,1,1
289,39,90.78,2,Month-to-month,DSL,Mailed check,1,1,1
290,34,36.45,1,Month-to-month,DSL,Electronic check,0,0,1
291,58,59.83,3,Month-to-month,Fiber optic,Credit card,0,1,1
292,19,55.38,6,Month-to-month,Fiber optic,Electronic check,0,0,1
293,68,68.84,1,Month-to-month,Fiber optic,Mailed check,0,1,1
294,24,76.97,1,One year,DSL,Bank transfer,1,1,1
295,39,44.8,5,Month-to-month,No,Mailed check,0,0,1
296,37,88.11,2,One year,DSL,Electronic check,0,1,1
297,61,71.58,3,Month-to-month,No,Mailed check,0,1,1
298,32,22.7,1,Month-to-month,Fiber optic,Mailed check,0,1,1
299,21,21.04,1,Month-to-month,Fiber optic,Credit card,1,0,0
300,2,69.69,2,One year,Fiber optic,Mailed check,0,0,1
301,26,64.48,4,Two year,DSL,Credit card,0,1,1
302,59,67.41,1,Month-to-month,Fiber optic,Mailed check,0,1,0
303,1,69.3,5,Month-to-month,Fiber optic,Mailed check,0,1,1
304,64,75.64,4,Month-to-month,Fiber optic,Bank transfer,0,1,0
305,39,93.69,1,Month-to-month,DSL,Credit card,0,1,0
306,10,42.22,1,Two year,DSL,Bank transfer,0,0,0
307,22,40.7,2,Month-to-month,DSL,Bank transfer,0,1,1
308,40,42.67,0,Two year,Fiber optic,Electronic check,0,1,1
309,23,77.22,2,One year,Fiber optic,Credit card,0,0,1
310,8,101.12,0,Month-to-month,Fiber optic,Credit card,0,0,1
311,48,59.22,2,Two year,Fiber optic,Bank transfer,0,1,0
312,48,18.0,3,Month-to-month,Fiber optic,Mailed check,0,1,1
313,9,27.4,0,One year,DSL,Bank transfer,0,1,1
314,20,49.17,4,Month-to-month,Fiber optic,Bank transfer,0,0,0
315,18,56.06,3,Two year,DSL,Credit card,0,1,0
316,47,59.79,4,Month-to-month,DSL,Bank transfer,0,0,0
317,52,70.96,1,Month-to-month,DSL,Bank transfer,0,0,0
318,52,62.21,0,Two year,DSL,Bank transfer,0,1,0
319,67,96.23,3,Month-to-month,DSL,Bank transfer,1,1,0
320,55,53.1,2,Month-to-month,Fiber optic,Bank transfer,0,1,0
321,23,48.44,0,One year,DSL,Electronic check,0,1,1
322,8,81.97,2,Month-to-month,,Bank transfer,1,1,0
323,44,31.61,3,Two year,DSL,Mailed check,0,0,0
324,66,79.74,4,One year,Fiber optic,Electronic check,0,0,1
325,70,72.56,2,One year,Fiber optic,Electronic check,0,1,0
326,17,66.31,0,Month-to-month,DSL,Electronic check,0,1,1
327,17,109.71,1,Month-to-month,DSL,Mailed check,0,0,1
328,3,54.44,3,Two year,No,Bank transfer,0,0,1
329,11,121.51,2,Month-to-month,Fiber optic,Mailed check,0,0,1
330,40,64.36,1,Month-to-month,Fiber optic,Credit card,0,0,1
331,39,,1,Month-to-month,Fiber optic,Credit card,0,1,1
332,27,71.75,2,Month-to-month,Fiber optic,Mailed check,0,0,1
333,23,43.09,1,One year,No,Mailed check,0,1,0
334,59,51.21,2,One year,Fiber optic,Credit card,0,1,1
335,33,79.93,1,One year,Fiber optic,Electronic check,0,1,1
336,58,83.89,1,Two year,DSL,Electronic check,1,1,1
337,69,54.45,1,Month-to-month,Fiber optic,Credit card,0,0,0
338,23,94.69,4,Month-to-month,Fiber optic,Electronic check,0,0,1
339,15,98.94,3,Month-to-month,DSL,Electronic check,0,0,1
340,68,105.91,2,One year,No,Electronic check,0,0,1
341,46,83.24,4,Month-to-month,No,Electronic check,0,0,0
342,21,104.09,3,Month-to-month,DSL,Mailed check,0,0,1
343,45,22.98,3,Month-to-month,No,Credit card,0,0,1
344,37,62.05,2,One year,DSL,Electronic check,0,0,0
345,65,48.32,2,One year,Fiber optic,Bank transfer,1,1,0
346,19,72.98,1,Two year,Fiber optic,Mailed check,0,0,0
347,71,,0,Month-to-month,DSL,Bank transfer,0,1,1
348,67,65.85,3,Two year,Fiber optic,Mailed check,0,1,0
349,13,117.05,2,Month-to-month,Fiber optic,Electronic check,0,0,0
350,12,65.76,4,Month-to-month,DSL,Credit card,0,1,1
351,38,80.34,0,Month-to-month,Fiber optic,Mailed check,1,1,1
352,4,64.19,1,Month-to-month,DSL,Credit card,0,1,1
353,22,71.89,3,Month-to-month,Fiber optic,Bank transfer,1,0,1
354,31,70.15,2,Month-to-month,DSL,Bank transfer,0,1,1
355,69,81.21,3,Month-to-month,DSL,Electronic check,0,1,1
356,71,99.13,2,One year,Fiber optic,Bank transfer,0,0,1
357,11,111.18,2,Two year,DSL,Electronic check,1,0,1
358,64,77.74,0,One year,Fiber optic,Electronic check,0,0,1
359,7,84.74,4,One year,Fiber optic,Credit card,0,1,1
360,54,41.23,2,Month-to-month,Fiber optic,Credit card,0,0,1
361,61,67.8,1,One year,DSL,Bank transfer,0,0,0
362,64,93.51,1,Month-to-month,Fiber optic,Credit card,0,1,0
363,16,91.65,2,Month-to-month,Fiber optic,Mailed check,0,1,1
364,64,75.29,7,Month-to-month,DSL,Bank transfer,0,0,0
365,9,92.16,1,One year,Fiber optic,Bank transfer,0,0,1
366,37,82.27,1,Month-to-month,Fiber optic,Electronic check,0,1,1
367,34,100.01,1,One year,Fiber optic,Mailed check,0,1,0
368,23,77.23,1,Month-to-month,Fiber optic,Electronic check,0,1,1
369,2,61.11,4,Month-to-month,Fiber optic,Electronic check,0,1,1
370,55,78.4,3,Month-to-month,No,Mailed check,0,0,1
371,24,18.0,1,Month-to-month,Fiber optic,Mailed check,1,0,1
372,47,79.57,3,Month-to-month,Fiber optic,Credit card,0,0,1
373,30,18.0,0,One year,Fiber optic,Credit card,0,0,0
374,27,26.91,2,Month-to-month,Fiber optic,Bank transfer,0,1,1
375,63,81.29,0,Month-to-month,No,Mailed check,0,1,0
376,7,81.94,4,One year,DSL,Mailed check,0,0,1
377,53,40.94,3,Month-to-month,DSL,Electronic check,0,1,1
378,54,52.2,1,Month-to-month,Fiber optic,Electronic check,0,0,0
379,27,104.26,3,Month-to-month,Fiber optic,Credit card,0,1,1
380,19,57.9,1,Month-to-month,Fiber optic,Electronic check,0,0,0
381,1,126.07,3,Month-to-month,Fiber optic,Credit card,0,1,1
382,67,69.95,1,One year,No,Electronic check,0,0,1
383,68,80.2,1,Month-to-month,Fiber optic,Credit card,0,1,0
384,18,110.42,3,One year,Fiber optic,Credit card,0,1,1
385,3,73.28,2,Month-to-month,DSL,Mailed check,0,1,0
386,9,44.94,5,One year,Fiber optic,Mailed check,1,1,1
387,5,67.26,4,One year,DSL,Electronic check,0,0,0
388,60,69.11,4,Month-to-month,Fiber optic,Electronic check,1,1,1
389,64,35.88,1,Month-to-month,Fiber optic,Credit card,0,0,0
390,11,63.6,2,Month-to-month,,Electronic check,0,1,1
391,54,51.45,2,Two year,Fiber optic,Electronic check,0,0,1
392,13,93.11,2,Two year,Fiber optic,Electronic check,0,0,1
393,27,70.87,2,Month-to-month,DSL,Bank transfer,0,1,1
394,43,62.93,6,One year,DSL,Bank transfer,0,0,0
395,52,67.35,2,Month-to-month,No,Mailed check,1,1,1
396,63,75.58,1,Month-to-month,,Bank transfer,0,0,0
397,4,85.42,3,One year,DSL,Mailed check,0,1,1
398,14,45.01,7,Month-to-month,DSL,Mailed check,0,1,1
399,20,43.96,0,Month-to-month,Fiber optic,Mailed check,0,1,1
400,23,97.62,0,Two year,Fiber optic,Electronic check,0,0,1
401,71,59.69,1,Month-to-month,Fiber optic,Credit card,0,0,1
402,56,34.58,2,One year,DSL,Credit card,0,0,0
403,23,81.1,4,Month-to-month,Fiber optic,Electronic check,0,0,1
404,69,81.58,3,Month-to-month,DSL,Bank transfer,0,1,1
405,36,31.73,3,Month-to-month,DSL,Credit card,1,0,0
406,36,75.74,1,Two year,DSL,Mailed check,0,0,0
407,31,88.39,2,Month-to-month,Fiber optic,Mailed check,0,0,1
408,11,79.36,1,Month-to-month,Fiber optic,Bank transfer,1,1,1
409,67,85.8,2,One year,DSL,Electronic check,0,0,0
410,1,34.89,1,Two year,Fiber optic,Bank transfer,0,0,0
411,13,78.28,1,Two year,Fiber optic,Bank transfer,0,1,1
412,17,62.43,3,Month-to-month,Fiber optic,Electronic check,0,0,0
413,20,57.93,0,Month-to-month,No,Bank transfer,1,1,0
414,10,91.76,3,One year,DSL,Mailed check,0,0,0
415,2,106.98,2,One year,No,Credit card,0,1,1
416,49,114.86,2,Two year,Fiber optic,Electronic check,1,1,1
417,69,102.87,5,One year,Fiber optic,Mailed check,0,1,0
418,9,67.26,0,Month-to-month,Fiber optic,Mailed check,1,1,0
419,22,78.82,2,Month-to-month,Fiber optic,Credit card,0,1,1
420,36,89.17,1,Month-to-month,DSL,Credit card,0,1,1
421,66,73.03,0,Month-to-month,No,Electronic check,0,1,0
422,50,73.27,0,Month-to-month,Fiber optic,Mailed check,0,1,0
423,55,90.59,4,Month-to-month,Fiber optic,Mailed check,0,1,1
424,42,68.52,3,One year,Fiber optic,Mailed check,0,1,0
425,30,51.77,1,Two year,DSL,Credit card,0,0,0
426,15,59.64,6,One year,DSL,Electronic check,0,0,1
427,62,85.85,2,Two year,Fiber optic,Electronic check,0,0,1
428,58,70.07,3,One year,Fiber optic,Electronic check,0,0,1
429,2,78.51,1,One year,Fiber optic,Mailed check,0,1,1
430,51,86.75,0,Month-to-month,Fiber optic,Credit card,1,0,0
431,6,60.63,2,One year,Fiber optic,Bank transfer,0,1,1
432,53,88.91,1,Month-to-month,Fiber optic,Bank transfer,1,1,0
433,59,79.47,0,Month-to-month,DSL,Mailed check,1,1,0
434,10,39.13,3,Month-to-month,Fiber optic,Credit card,0,1,0
435,31,106.06,1,Two year,Fiber optic,Bank transfer,0,0,1
436,9,57.48,2,One year,DSL,Credit card,0,0,0
437,41,28.62,5,Two year,DSL,Credit card,0,1,0
438,66,43.87,0,Two year,DSL,Mailed check,0,1,1
439,6,44.47,0,Two year,DSL,Mailed check,1,1,0
440,29,71.3,0,Month-to-month,Fiber optic,Bank transfer,1,1,0
441,70,63.15,4,Two year,DSL,Electronic check,0,1,0
442,22,61.58,2,Two year,Fiber optic,Electronic check,0,1,1
443,10,85.49,1,Two year,DSL,Mailed check,0,1,0
444,35,78.5,4,Month-to-month,DSL,Bank transfer,0,1,0
445,37,77.9,2,Month-to-month,DSL,Mailed check,0,0,1
446,48,80.25,3,Two year,DSL,Bank transfer,0,0,1
447,23,85.4,1,Month-to-month,No,Electronic check,0,0,0
448,68,18.0,1,Month-to-month,DSL,Bank transfer,0,1,0
449,37,60.89,2,Month-to-month,DSL,Electronic check,1,1,1
450,21,18.0,4,Month-to-month,DSL,Bank transfer,0,0,0
451,69,70.9,1,Month-to-month,Fiber optic,Mailed check,1,0,0
452,66,69.88,5,Two year,Fiber optic,Electronic check,0,1,1
453,36,96.14,2,Two year,Fiber optic,Bank transfer,0,0,1
454,2,99.69,1,Two year,Fiber optic,Mailed check,1,1,1
455,43,75.07,2,Month-to-month,Fiber optic,Electronic check,0,0,1
456,40,57.49,0,Month-to-month,Fiber optic,Bank transfer,0,0,0
457,11,82.13,1,Month-to-month,Fiber optic,Credit card,0,1,0
458,46,56.8,2,Month-to-month,Fiber optic,Mailed check,0,0,1
459,60,69.97,3,Month-to-month,DSL,Mailed check,0,0,1
460,8,94.65,6,One year,Fiber optic,Electronic check,0,0,1
461,52,56.06,2,Two year,,Mailed check,0,0,0
462,10,90.14,1,Month-to-month,Fiber optic,Electronic check,0,0,1
463,54,,1,Month-to-month,No,Credit card,0,1,1
464,30,46.13,2,Month-to-month,No,Credit card,0,0,0
465,1,94.35,1,Month-to-month,DSL,Credit card,0,1,1
466,69,87.46,2,Month-to-month,Fiber optic,Credit card,1,0,0
467,12,72.55,4,Month-to-month,Fiber optic,Electronic check,0,1,1
468,43,50.94,2,Month-to-month,Fiber optic,Mailed check,0,1,0
469,13,48.52,2,Month-to-month,Fiber optic,Credit card,0,1,0
470,67,56.56,2,Two year,Fiber optic,Electronic check,1,1,0
471,53,83.56,0,Month-to-month,Fiber optic,Credit card,0,0,1
472,58,46.11,0,Month-to-month,Fiber optic,Bank transfer,0,1,1
473,31,80.94,1,Month-to-month,DSL,Mailed check,1,0,1
474,34,38.96,4,Month-to-month,Fiber optic,Mailed check,0,1,1
475,46,64.9,0,Month-to-month,No,Mailed check,1,1,1
476,56,72.74,1,One year,Fiber optic,Bank transfer,0,0,0
477,61,131.13,0,Two year,DSL,Mailed check,0,1,1
478,2,35.57,1,One year,No,Mailed check,1,1,1
479,48,106.8,5,Month-to-month,Fiber optic,Bank transfer,1,1,1
480,8,73.75,2,Month-to-month,Fiber optic,Bank transfer,0,0,1
481,21,80.28,2,Month-to-month,DSL,Credit card,0,0,1
482,59,72.96,1,Month-to-month,Fiber optic,Mailed check,0,0,0
483,18,81.12,3,Two year,DSL,Credit card,0,1,0
484,57,66.16,3,Month-to-month,DSL,Bank transfer,0,1,1
485,33,106.35,0,Month-to-month,Fiber optic,Bank transfer,0,0,1
486,17,58.59,5,Month-to-month,No,Credit card,0,1,0
487,24,98.31,0,Month-to-month,Fiber optic,Mailed check,0,0,0
488,38,53.89,1,Two year,No,Electronic check,0,1,0
489,55,68.49,2,Month-to-month,No,Credit card,0,1,1
490,44,43.2,4,Month-to-month,,Credit card,0,1,1
491,67,81.38,3,Month-to-month,DSL,Credit card,0,0,1
492,62,106.13,3,One year,Fiber optic,Mailed check,0,0,1
493,54,68.07,2,Month-to-month,Fiber optic,Bank transfer,0,0,1
494,43,65.08,2,One year,Fiber optic,Electronic check,0,1,1
495,21,42.13,1,Month-to-month,Fiber optic,Credit card,0,1,0
496,30,64.27,4,Month-to-month,Fiber optic,Credit card,0,0,0
497,9,30.18,2,Two year,Fiber optic,Electronic check,0,1,0
498,27,47.18,4,Month-to-month,Fiber optic,Credit card,0,1,1
499,66,75.67,1,Month-to-month,DSL,Electronic check,0,1,0
500,31,102.98,1,Month-to-month,DSL,Mailed check,0,1,1
501,9,140.23,2,Month-to-month,DSL,Bank transfer,0,1,1
502,47,55.34,0,Month-to-month,No,Electronic check,0,0,0
503,69,105.88,2,One year,No,Mailed check,0,0,1
504,62,76.09,6,Month-to-month,Fiber optic,Mailed check,0,1,0
505,20,66.22,1,Month-to-month,DSL,Credit card,0,1,0
506,33,80.81,1,Month-to-month,Fiber optic,Credit card,0,1,1
507,38,71.55,1,One year,DSL,Mailed check,0,0,0
508,18,72.76,1,Month-to-month,Fiber optic,Mailed check,0,0,1
509,20,59.79,2,Month-to-month,DSL,Bank transfer,0,1,1
510,17,35.05,4,One year,Fiber optic,Electronic check,0,1,1
511,71,31.41,1,One year,DSL,Electronic check,0,0,0
512,53,86.33,0,Two year,Fiber optic,Electronic check,0,0,1
513,60,63.08,6,Month-to-month,No,Mailed check,0,1,1
514,58,55.1,0,Month-to-month,Fiber optic,Bank transfer,0,1,1
515,69,70.21,2,Month-to-month,DSL,Mailed check,0,1,0
516,8,89.87,0,One year,No,Credit card,0,1,1
517,63,74.51,2,Month-to-month,Fiber optic,Credit card,1,1,1
518,5,53.6,0,Month-to-month,Fiber optic,Mailed check,0,0,1
519,34,100.66,2,Month-to-month,Fiber optic,Credit card,0,1,1
520,43,109.48,4,Two year,No,Mailed check,0,1,1
521,26,82.36,1,Two year,Fiber optic,Bank transfer,0,1,0
522,11,94.34,0,Month-to-month,Fiber optic,Bank transfer,0,1,0
523,14,101.05,4,Two year,Fiber optic,Credit card,0,1,1
524,59,98.25,3,Two year,DSL,Mailed check,0,1,1
525,23,85.35,3,Month-to-month,Fiber optic,Bank transfer,0,0,1
526,23,84.96,1,Month-to-month,DSL,Credit card,0,1,0
527,66,82.99,3,One year,Fiber optic,Bank transfer,0,0,1
528,11,42.57,2,Month-to-month,Fiber optic,Credit card,1,0,1
529,65,87.52,6,Month-to-month,DSL,Mailed check,0,1,0
530,66,36.1,5,Month-to-month,Fiber optic,Credit card,0,1,1
531,43,50.14,2,Two year,Fiber optic,Bank transfer,0,1,0
532,12,102.59,2,Month-to-month,DSL,Bank transfer,0,1,1
533,12,91.01,5,One year,DSL,Credit card,1,1,1
534,21,107.18,1,Month-to-month,No,Credit card,0,0,0
535,41,63.21,4,Month-to-month,No,Electronic check,0,1,1
536,11,41.19,7,Two year,Fiber optic,Bank transfer,0,1,1
537,33,63.99,1,Month-to-month,DSL,Credit card,1,1,1
538,9,72.55,4,Month-to-month,DSL,Credit card,0,1,1
539,39,71.97,2,Month-to-month,DSL,Mailed check,1,1,1
540,2,98.34,0,One year,Fiber optic,Electronic check,1,0,0
541,51,60.97,2,Month-to-month,No,Electronic check,0,1,1
542,4,78.8,0,Month-to-month,Fiber optic,Mailed check,1,0,0
543,14,45.28,0,Month-to-month,Fiber optic,Credit card,1,0,0
544,13,81.26,1,Month-to-month,No,Electronic check,0,0,1
545,60,70.08,3,Month-to-month,,Mailed check,0,0,0
546,4,51.25,1,Month-to-month,DSL,Credit card,0,0,0
547,31,64.1,3,Month-to-month,Fiber optic,Electronic check,0,1,1
548,42,65.4,2,Month-to-month,DSL,Mailed check,0,1,1
549,37,63.25,2,One year,No,Electronic check,0,1,1
550,49,114.28,3,One year,Fiber optic,Credit card,0,1,1
551,58,67.54,3,Month-to-month,Fiber optic,Electronic check,0,0,0
552,28,63.9,4,Month-to-month,Fiber optic,Mailed check,0,0,1
553,59,18.0,4,Month-to-month,No,Credit card,0,1,1
554,23,47.64,3,Two year,Fiber optic,Electronic check,0,1,1
555,70,63.42,2,Month-to-month,Fiber optic,Electronic check,0,1,1
556,36,52.85,2,Month-to-month,DSL,Bank transfer,0,0,0
557,53,104.54,1,Month-to-month,No,Credit card,0,1,0
558,63,65.88,6,Month-to-month,Fiber optic,Credit card,0,1,0
559,57,102.21,2,Month-to-month,DSL,Mailed check,1,1,1
560,61,71.54,3,Month-to-month,No,Mailed check,0,0,1
561,39,70.93,0,One year,DSL,Bank transfer,0,1,1
562,4,67.78,5,One year,DSL,Mailed check,0,1,1
563,36,70.09,1,One year,Fiber optic,Mailed check,0,1,0
564,13,112.97,2,One year,DSL,Electronic check,0,1,1
565,64,18.0,1,Month-to-month,Fiber optic,Electronic check,0,1,0
566,17,19.96,1,Two year,DSL,Mailed check,0,0,0
567,17,56.42,4,One year,DSL,Electronic check,0,1,1
568,18,70.36,2,One year,DSL,Mailed check,0,0,1
569,46,87.25,3,One year,DSL,Mailed check,0,1,0
570,41,81.83,5,Month-to-month,No,Credit card,0,1,1
571,68,60.39,2,Month-to-month,Fiber optic,Electronic check,1,1,1
572,30,95.48,4,Month-to-month,Fiber optic,Electronic check,0,1,1
573,21,95.75,3,Month-to-month,Fiber optic,Mailed check,1,1,1
574,4,74.6,1,Month-to-month,Fiber optic,Bank transfer,0,1,1
575,1,94.07,2,Month-to-month,DSL,Mailed check,0,1,0
576,27,76.82,2,Month-to-month,DSL,Bank transfer,0,1,0
577,66,55.96,2,Two year,,Bank transfer,0,1,1
578,38,87.45,1,One year,Fiber optic,Credit card,0,1,0
579,64,72.77,1,Month-to-month,Fiber optic,Bank transfer,1,1,1
580,8,70.03,0,Month-to-month,No,Mailed check,0,0,1
581,7,,1,Month-to-month,Fiber optic,Electronic check,0,1,1
582,60,18.0,1,Two year,,Electronic check,0,0,0
583,8,34.56,4,One year,DSL,Mailed check,0,0,1
584,4,40.32,1,One year,DSL,Bank transfer,0,1,1
585,29,60.92,1,Month-to-month,Fiber optic,Electronic check,0,1,0
586,66,,3,Month-to-month,No,Bank transfer,0,1,1
587,49,32.32,3,One year,No,Mailed check,0,1,1
588,8,45.37,2,Two year,DSL,Bank transfer,0,0,0
589,60,48.48,2,Month-to-month,Fiber optic,Mailed check,0,0,0
590,60,131.44,1,Month-to-month,Fiber optic,Electronic check,0,0,1
591,57,115.04,0,Month-to-month,Fiber optic,Mailed check,0,0,0
592,65,59.71,3,Month-to-month,Fiber optic,Mailed check,1,1,0
593,18,60.91,0,Two year,DSL,Mailed check,1,1,0
594,70,41.27,1,One year,DSL,Bank transfer,0,1,0
595,23,22.3,3,Month-to-month,No,Electronic check,0,0,1
596,57,67.08,0,Month-to-month,Fiber optic,Bank transfer,0,1,0
597,42,45.05,0,Month-to-month,Fiber optic,Credit card,0,0,1
598,56,67.88,2,Month-to-month,Fiber optic,Electronic check,0,1,1
599,45,29.99,2,Month-to-month,Fiber optic,Bank transfer,0,1,0
600,46,50.95,1,One year,No,Bank transfer,0,0,0
601,44,73.72,6,One year,DSL,Credit card,1,1,1
602,56,79.16,7,Month-to-month,DSL,Electronic check,0,1,0
603,53,80.44,5,One year,Fiber optic,Electronic check,1,0,0
604,10,36.99,6,One year,Fiber optic,Credit card,0,1,0
605,59,91.37,4,Month-to-month,DSL,Electronic check,0,1,1
606,39,49.99,1,One year,DSL,Credit card,0,0,0
607,23,85.82,2,One year,DSL,Credit card,0,0,1
608,37,69.73,3,Two year,DSL,Bank transfer,0,1,1
609,69,35.59,1,Month-to-month,DSL,Bank transfer,0,1,0
610,61,62.1,3,Month-to-month,DSL,Mailed check,0,1,0
611,60,79.13,1,Month-to-month,Fiber optic,Credit card,0,1,0
612,33,85.32,2,Month-to-month,Fiber optic,Bank transfer,0,1,1
613,56,66.48,2,Month-to-month,No,Electronic check,0,1,1
614,28,108.29,1,One year,Fiber optic,Credit card,0,0,1
615,49,95.19,3,Month-to-month,DSL,Mailed check,0,1,1
616,46,63.58,7,Month-to-month,,Electronic check,0,1,1
617,18,88.75,0,Two year,Fiber optic,Mailed check,0,1,1
618,19,118.34,2,Month-to-month,Fiber optic,Mailed check,0,1,0
619,5,119.01,3,Month-to-month,DSL,Credit card,1,0,1
620,10,39.3,3,Month-to-month,DSL,Bank transfer,0,1,1
621,31,46.84,2,Month-to-month,Fiber optic,Electronic check,0,1,0
622,34,107.12,0,Month-to-month,Fiber optic,Credit card,0,0,1
623,12,43.54,1,One year,DSL,Bank transfer,1,0,1
624,30,36.94,4,Month-to-month,No,Electronic check,0,1,1
625,43,57.85,0,Month-to-month,Fiber optic,Mailed check,0,1,1
626,17,80.51,1,Month-to-month,Fiber optic,Bank transfer,0,1,1
627,25,67.44,1,Two year,DSL,Mailed check,0,0,0
628,27,53.74,1,Month-to-month,Fiber optic,Electronic check,1,1,1
629,36,53.14,4,One year,Fiber optic,Credit card,0,0,1
630,27,52.19,1,Month-to-month,DSL,Bank transfer,0,0,1
631,53,48.01,2,One year,Fiber optic,Mailed check,0,1,0
632,24,127.04,4,Month-to-month,Fiber optic,Credit card,0,0,0
633,31,77.44,1,Month-to-month,Fiber optic,Credit card,0,1,1
634,27,92.17,2,Month-to-month,DSL,Bank transfer,1,1,1
635,13,57.77,3,One year,No,Mailed check,1,0,1
636,49,65.35,3,Month-to-month,Fiber optic,Electronic check,0,0,1
637,17,52.16,2,Month-to-month,DSL,Credit card,0,1,1
638,22,18.0,3,Month-to-month,DSL,Bank transfer,1,0,0
639,57,35.55,5,Month-to-month,DSL,Mailed check,0,0,1
640,68,24.73,1,Month-to-month,DSL,Credit card,0,1,0
641,48,18.0,2,Month-to-month,Fiber optic,Electronic check,0,0,1
642,66,40.12,2,Month-to-month,Fiber optic,Bank transfer,0,1,0
643,61,103.12,3,Month-to-month,DSL,Mailed check,0,1,1
644,35,68.89,1,Month-to-month,No,Mailed check,1,0,1
645,55,102.26,3,Month-to-month,DSL,Mailed check,0,1,0
646,24,80.27,2,Month-to-month,Fiber optic,Credit card,0,1,1
647,33,89.56,2,Month-to-month,No,Bank transfer,0,1,1
648,39,47.48,1,Two year,Fiber optic,Electronic check,0,0,1
649,69,83.1,2,Month-to-month,Fiber optic,Bank transfer,0,1,1
650,61,88.22,1,One year,Fiber optic,Electronic check,0,0,1
651,35,55.58,4,Month-to-month,DSL,Electronic check,1,1,1
652,47,83.99,1,Month-to-month,DSL,Bank transfer,0,0,1
653,15,84.15,4,Month-to-month,Fiber optic,Credit card,0,1,1
654,58,56.26,4,Month-to-month,DSL,Mailed check,0,0,0
655,40,41.93,2,One year,Fiber optic,Mailed check,0,1,0
656,38,40.4,1,Two year,DSL,Mailed check,0,1,1
657,55,72.16,4,Month-to-month,No,Bank transfer,1,1,0
658,45,78.18,5,One year,No,Bank transfer,0,0,0
659,6,50.19,3,Month-to-month,Fiber optic,Bank transfer,0,1,1
660,21,70.66,3,Month-to-month,Fiber optic,Credit card,0,1,1
661,13,84.26,2,One year,DSL,Credit card,0,1,1
662,53,85.45,2,Month-to-month,DSL,Bank transfer,0,1,1
663,3,,2,Month-to-month,Fiber optic,Mailed check,0,0,1
664,15,101.92,4,Two year,Fiber optic,Credit card,0,1,1
665,43,44.97,2,Two year,Fiber optic,Electronic check,0,0,0
666,50,112.09,2,One year,Fiber optic,Electronic check,0,0,1
667,36,56.73,0,Month-to-month,Fiber optic,Bank transfer,0,0,0
668,62,96.12,1,Two year,DSL,Mailed check,0,1,0
669,66,71.7,1,Month-to-month,DSL,Credit card,0,1,0
670,10,59.7,2,Month-to-month,Fiber optic,Mailed check,0,1,1
671,68,24.81,2,Month-to-month,Fiber optic,Electronic check,0,0,1
672,44,65.71,3,Two year,No,Bank transfer,0,0,0
673,46,31.02,3,Two year,Fiber optic,Mailed check,0,1,1
674,7,94.18,2,One year,Fiber optic,Bank transfer,0,1,1
675,45,107.92,2,Month-to-month,Fiber optic,Mailed check,1,0,1
676,52,50.08,0,Month-to-month,DSL,Credit card,0,1,0
677,42,77.55,1,Month-to-month,Fiber optic,Credit card,0,1,0
678,6,51.87,1,Two year,Fiber optic,Electronic check,1,1,0
679,38,54.29,2,Month-to-month,Fiber optic,Mailed check,0,1,1
680,67,89.36,1,Month-to-month,DSL,Credit card,0,0,1
681,52,69.04,1,One year,No,Mailed check,1,1,1
682,10,113.49,1,Month-to-month,No,Mailed check,0,0,1
683,69,57.94,1,Two year,DSL,Bank transfer,0,1,1
684,69,94.98,2,Month-to-month,DSL,Mailed check,0,1,0
685,13,72.44,1,One year,DSL,Mailed check,1,0,0
686,57,89.89,1,Month-to-month,Fiber optic,Credit card,1,1,1
687,29,,4,Month-to-month,Fiber optic,Mailed check,1,0,1
688,43,68.76,1,Month-to-month,DSL,Electronic check,0,0,1
689,32,67.11,0,Month-to-month,Fiber optic,Credit card,0,1,0
690,56,49.1,0,One year,Fiber optic,Electronic check,1,1,0
691,71,86.55,2,Month-to-month,Fiber optic,Electronic check,0,1,0
692,57,86.26,3,Month-to-month,Fiber optic,Mailed check,0,1,1
693,67,84.84,1,One year,Fiber optic,Mailed check,0,0,1
694,68,108.42,1,Month-to-month,Fiber optic,Bank transfer,1,1,1
695,7,106.23,1,One year,DSL,Bank transfer,0,1,0
696,18,60.63,1,One year,Fiber optic,Credit card,0,0,1
697,52,79.33,1,Month-to-month,No,Credit card,1,1,1
698,42,54.41,2,One year,Fiber optic,Electronic check,1,1,1
699,4,70.58,1,Month-to-month,No,Mailed check,1,0,1
700,7,55.01,2,Month-to-month,Fiber optic,Credit card,0,1,0
701,37,110.5,5,Month-to-month,Fiber optic,Electronic check,0,1,0
702,44,79.09,3,Two year,DSL,Electronic check,0,0,0
703,12,64.55,2,Month-to-month,Fiber optic,Credit card,0,1,0
704,13,99.84,2,Month-to-month,DSL,Credit card,1,0,1
705,10,18.0,3,Two year,DSL,Bank transfer,0,0,0
706,41,19.65,2,Month-to-month,DSL,Electronic check,0,1,1
707,1,89.9,1,Two year,DSL,Bank transfer,0,1,0
708,41,71.51,1,One year,No,Mailed check,0,0,0
709,34,76.26,5,Two year,No,Bank transfer,1,1,0
710,34,36.84,3,Two year,Fiber optic,Credit card,0,1,1
711,49,69.42,3,Two year,DSL,Credit card,0,1,1
712,38,120.09,1,Month-to-month,No,Bank transfer,0,1,1
713,52,90.6,4,One year,Fiber optic,Bank transfer,0,1,0
714,55,74.24,2,One year,DSL,Electronic check,0,0,0
715,66,59.02,1,One year,Fiber optic,Bank transfer,1,1,1
716,57,60.14,3,Month-to-month,Fiber optic,Credit card,0,1,0
717,37,18.0,2,Two year,DSL,Credit card,0,1,1
718,35,76.44,4,Month-to-month,Fiber optic,Electronic check,0,0,1
719,17,91.14,1,Month-to-month,Fiber optic,Bank transfer,0,0,0
720,43,30.61,1,Month-to-month,DSL,Electronic check,0,0,0
721,10,53.46,3,Month-to-month,Fiber optic,Mailed check,0,1,1
722,67,41.06,3,One year,Fiber optic,Bank transfer,0,1,0
723,60,45.87,3,Month-to-month,Fiber optic,Electronic check,0,1,1
724,9,71.34,2,One year,No,Mailed check,1,1,1
725,56,18.0,4,Two year,Fiber optic,Credit card,1,0,0
726,9,85.36,4,Month-to-month,Fiber optic,Electronic check,0,0,1
727,52,88.85,3,One year,Fiber optic,Bank transfer,0,1,1
728,7,63.72,5,Month-to-month,Fiber optic,Electronic check,0,1,1
729,35,18.0,5,Two year,Fiber optic,Electronic check,0,1,1
730,47,45.09,3,Two year,DSL,Credit card,0,0,0
731,52,100.82,4,Month-to-month,Fiber optic,Credit card,0,1,1
732,30,18.0,1,One year,Fiber optic,Credit card,0,1,1
733,66,61.31,2,Month-to-month,Fiber optic,Credit card,1,0,0
734,55,40.5,0,Month-to-month,No,Credit card,1,0,0
735,15,90.11,3,One year,Fiber optic,Electronic check,0,1,1
736,48,53.12,3,Month-to-month,Fiber optic,Mailed check,0,1,1
737,52,80.1,0,One year,DSL,Bank transfer,0,1,1
738,24,84.14,1,Month-to-month,DSL,Mailed check,0,1,1
739,53,,1,Month-to-month,Fiber optic,Electronic check,0,1,1
740,64,64.93,3,Two year,Fiber optic,Mailed check,0,0,1
741,59,79.4,2,Month-to-month,DSL,Electronic check,0,1,1
742,55,32.87,2,One year,,Credit card,0,1,0
743,46,99.76,5,Month-to-month,DSL,Electronic check,0,1,1
744,20,50.99,5,Two year,Fiber optic,Electronic check,0,1,1
745,57,55.98,4,Month-to-month,Fiber optic,Electronic check,0,1,0
746,26,,1,Month-to-month,Fiber optic,Mailed check,0,0,0
747,38,30.93,1,Month-to-month,DSL,Credit card,0,1,0
748,23,75.72,3,Month-to-month,DSL,Electronic check,0,1,0
749,23,94.19,1,Two year,DSL,Mailed check,0,0,1
750,12,77.32,2,Month-to-month,Fiber optic,Credit card,0,0,0
751,69,30.28,2,Month-to-month,DSL,Bank transfer,0,1,0
752,11,66.9,3,One year,,Mailed check,0,0,0
753,7,88.55,0,Month-to-month,No,Credit card,0,0,0
754,67,23.05,1,Month-to-month,Fiber optic,Credit card,0,1,1
755,40,43.13,3,Month-to-month,Fiber optic,Mailed check,0,1,0
756,32,91.91,1,Month-to-month,DSL,Credit card,0,1,1
757,53,76.75,1,One year,DSL,Electronic check,0,1,0
758,28,80.3,3,Two year,No,Mailed check,0,1,1
759,10,116.49,1,Two year,Fiber optic,Bank transfer,0,1,1
760,52,81.71,3,Two year,Fiber optic,Bank transfer,0,0,0
761,13,86.45,3,Month-to-month,No,Bank transfer,0,1,1
762,40,137.77,2,Month-to-month,Fiber optic,Bank transfer,0,0,1
763,68,64.65,1,One year,DSL,Bank transfer,0,1,1
764,67,50.05,5,Two year,Fiber optic,Electronic check,0,1,1
765,26,80.69,2,One year,DSL,Mailed check,0,1,1
766,56,80.97,1,Month-to-month,DSL,Mailed check,0,1,1
767,44,56.83,2,One year,DSL,Mailed check,0,1,0
768,35,44.19,1,One year,No,Credit card,0,1,1
769,10,127.75,2,Two year,Fiber optic,Bank transfer,0,0,1
770,27,78.17,0,One year,DSL,Mailed check,0,1,0
771,47,51.69,4,Month-to-month,DSL,Electronic check,0,0,1
772,71,92.9,3,Month-to-month,Fiber optic,Bank transfer,0,1,1
773,1,67.27,5,Month-to-month,No,Bank transfer,0,1,1
774,51,63.68,3,Month-to-month,DSL,Credit card,1,1,0
775,61,84.06,2,Two year,DSL,Bank transfer,0,0,0
776,68,37.7,1,Month-to-month,Fiber optic,Bank transfer,0,1,0
777,31,78.82,2,Month-to-month,No,Bank transfer,0,1,1
778,9,117.82,3,Month-to-month,No,Electronic check,0,0,1
779,20,81.65,2,One year,DSL,Bank transfer,0,1,1
780,61,60.59,0,Month-to-month,DSL,Credit card,0,1,0
781,63,57.32,0,Month-to-month,Fiber optic,Mailed check,0,0,0
782,46,59.74,3,Two year,DSL,Bank transfer,0,1,0
783,9,,3,Month-to-month,No,Bank transfer,0,1,1
784,9,60.55,3,Month-to-month,DSL,Electronic check,0,0,1
785,34,92.91,1,Month-to-month,Fiber optic,Electronic check,0,1,0
786,42,26.67,3,Month-to-month,No,Electronic check,0,0,1
787,3,91.55,3,One year,No,Credit card,0,1,1
788,49,60.51,6,Two year,Fiber optic,Electronic check,1,1,1
789,39,79.42,1,Month-to-month,No,Credit card,0,1,1
790,1,41.83,2,Two year,DSL,Mailed check,0,1,1
791,7,103.22,3,One year,Fiber optic,Bank transfer,1,1,1
792,33,101.14,1,Month-to-month,DSL,Bank transfer,0,1,1
793,52,93.99,2,Month-to-month,No,Bank transfer,0,1,1
794,59,32.13,0,Month-to-month,No,Bank transfer,1,1,0
795,31,90.73,0,Two year,DSL,Electronic check,0,1,1
796,21,80.12,2,Month-to-month,DSL,Bank transfer,0,0,1
797,69,29.87,1,Month-to-month,Fiber optic,Credit card,0,0,1
798,33,69.39,4,One year,DSL,Electronic check,0,1,1
799,23,79.11,2,Two year,Fiber optic,Bank transfer,0,1,1
800,32,83.9,0,One year,DSL,Credit card,0,1,0
801,1,74.43,1,One year,Fiber optic,Mailed check,1,1,0
802,22,77.28,4,Month-to-month,Fiber optic,Bank transfer,0,1,1
803,37,106.84,2,Two year,Fiber optic,Electronic check,0,1,1
804,66,100.65,3,Month-to-month,DSL,Credit card,1,1,1
805,53,18.0,2,Month-to-month,No,Bank transfer,0,1,0
806,56,62.06,2,Two year,Fiber optic,Bank transfer,0,0,1
807,39,65.88,1,Month-to-month,Fiber optic,Credit card,0,1,1
808,8,26.2,1,Month-to-month,Fiber optic,Mailed check,0,0,0
809,28,72.35,3,One year,No,Bank transfer,1,1,1
810,71,101.22,2,Month-to-month,Fiber optic,Electronic check,0,1,1
811,4,42.84,3,Month-to-month,Fiber optic,Electronic check,0,1,1
812,63,78.41,2,One year,Fiber optic,Bank transfer,0,1,0
813,49,47.1,2,One year,No,Electronic check,0,1,1
814,21,53.2,2,One year,DSL,Electronic check,0,0,1
815,56,106.93,2,Month-to-month,Fiber optic,Credit card,1,1,1
816,60,56.44,3,Month-to-month,Fiber optic,Electronic check,0,0,1
817,4,81.56,2,One year,Fiber optic,Credit card,0,1,1
818,8,23.22,3,Month-to-month,No,Bank transfer,0,1,0
819,48,116.56,1,Month-to-month,No,Bank transfer,0,1,1
820,71,85.07,2,Month-to-month,Fiber optic,Bank transfer,0,1,0
821,2,65.44,2,Month-to-month,Fiber optic,Credit card,0,1,1
822,48,84.39,0,Month-to-month,No,Electronic check,0,1,0
823,10,34.75,2,One year,No,Bank transfer,0,0,0
824,47,99.56,2,Two year,Fiber optic,Credit card,0,0,0
825,45,61.9,1,Month-to-month,DSL,Credit card,0,1,1
826,7,64.9,1,One year,DSL,Electronic check,0,1,1
827,49,57.71,0,Month-to-month,No,Electronic check,0,1,1
828,64,55.48,3,Month-to-month,Fiber optic,Electronic check,0,0,0
829,62,87.37,3,One year,Fiber optic,Electronic check,0,0,1
830,3,76.4,1,Month-to-month,Fiber optic,Mailed check,0,1,0
831,18,86.29,0,Two year,Fiber optic,Mailed check,1,0,0
832,18,69.78,3,Month-to-month,Fiber optic,Mailed check,1,1,1
833,33,82.83,2,Month-to-month,Fiber optic,Mailed check,0,0,0
834,11,59.53,1,Month-to-month,DSL,Mailed check,0,0,0
835,61,125.74,5,Month-to-month,Fiber optic,Bank transfer,0,1,1
836,56,30.8,1,Two year,Fiber optic,Electronic check,0,1,0
837,58,101.52,0,One year,Fiber optic,Electronic check,1,1,1
838,15,104.2,3,Month-to-month,DSL,Credit card,0,1,0
839,2,48.7,2,Month-to-month,Fiber optic,Electronic check,0,1,1
840,65,125.73,1,One year,DSL,Electronic check,0,1,0
841,21,94.89,3,One year,DSL,Electronic check,0,1,1
842,47,94.28,1,Month-to-month,Fiber optic,Mailed check,0,1,0
843,65,70.7,3,Month-to-month,DSL,Electronic check,0,1,1
844,3,64.57,5,Month-to-month,No,Mailed check,0,0,1
845,1,64.76,3,Month-to-month,No,Mailed check,0,0,1
846,1,79.76,2,Month-to-month,DSL,Mailed check,0,1,1
847,12,105.03,2,Month-to-month,Fiber optic,Bank transfer,0,1,1
848,4,74.53,1,Month-to-month,Fiber optic,Credit card,0,0,1
849,59,47.21,4,Month-to-month,Fiber optic,Bank transfer,0,0,1
850,44,90.61,3,Month-to-month,No,Electronic check,0,1,1
851,70,93.03,2,Two year,Fiber optic,Mailed check,0,1,1
852,57,86.37,3,One year,DSL,Mailed check,0,1,1
853,69,88.64,1,Month-to-month,DSL,Electronic check,0,0,0
854,17,63.23,1,Month-to-month,Fiber optic,Electronic check,0,1,1
855,21,46.78,2,Month-to-month,,Mailed check,0,1,0
856,61,48.3,1,Two year,Fiber optic,Electronic check,0,1,1
857,18,29.11,5,Month-to-month,Fiber optic,Credit card,0,0,1
858,5,75.92,2,Month-to-month,DSL,Electronic check,0,1,0
859,48,67.91,3,Two year,No,Bank transfer,1,1,0
860,57,59.0,1,Two year,DSL,Electronic check,0,1,1
861,69,18.0,2,One year,Fiber optic,Electronic check,0,1,0
862,66,38.82,1,Month-to-month,Fiber optic,Bank transfer,0,1,0
863,9,98.02,0,Month-to-month,DSL,Bank transfer,0,0,1
864,55,53.38,3,One year,DSL,Credit card,0,1,0
865,61,79.01,3,Month-to-month,Fiber optic,Bank transfer,0,1,1
866,50,35.23,0,One year,DSL,Mailed check,0,0,0
867,59,105.97,1,One year,Fiber optic,Electronic check,0,0,1
868,60,66.4,3,Month-to-month,Fiber optic,Mailed check,1,1,1
869,32,77.25,1,Month-to-month,DSL,Mailed check,0,1,1
870,3,128.14,3,Month-to-month,Fiber optic,Mailed check,0,1,1
871,33,107.91,2,Month-to-month,DSL,Credit card,0,0,0
872,15,62.34,1,One year,DSL,Bank transfer,0,0,1
873,9,55.17,2,One year,Fiber optic,Credit card,0,0,1
874,9,61.86,2,Month-to-month,Fiber optic,Credit card,0,1,1
875,50,82.75,3,One year,Fiber optic,Credit card,0,1,1
876,36,67.37,1,Month-to-month,DSL,Bank transfer,0,1,0
877,39,60.12,7,One year,Fiber optic,Credit card,1,1,1
878,53,106.68,3,Month-to-month,Fiber optic,Mailed check,1,0,0
879,39,67.14,2,One year,No,Electronic check,0,1,0
880,45,127.49,2,One year,Fiber optic,Electronic check,0,1,0
881,7,72.27,2,Month-to-month,No,Electronic check,0,1,0
882,61,114.63,6,Month-to-month,DSL,Mailed check,1,0,1
883,32,78.93,0,Two year,Fiber optic,Credit card,0,1,0
884,12,94.07,4,Month-to-month,Fiber optic,Bank transfer,0,0,1
885,58,51.88,1,One year,Fiber optic,Bank transfer,0,0,1
886,53,48.66,1,Two year,Fiber optic,Electronic check,0,0,0
887,4,81.49,2,Two year,Fiber optic,Electronic check,0,0,1
888,14,94.71,3,Month-to-month,No,Mailed check,0,0,1
889,2,71.01,3,One year,DSL,Electronic check,0,1,1
890,20,37.84,1,Two year,No,Credit card,0,0,1
891,8,35.99,2,Month-to-month,Fiber optic,Electronic check,0,1,1
892,51,34.32,1,Month-to-month,Fiber optic,Mailed check,0,1,0
893,38,25.81,2,Month-to-month,Fiber optic,Electronic check,1,1,1
894,70,72.74,1,One year,DSL,Electronic check,0,1,1
895,54,98.13,0,Month-to-month,No,Credit card,0,1,1
896,44,69.66,1,Month-to-month,No,Credit card,0,0,1
897,37,18.0,3,Month-to-month,No,Credit card,0,1,0
898,4,65.23,3,One year,No,Credit card,1,1,1
899,5,65.93,1,Month-to-month,Fiber optic,Bank transfer,0,1,0
900,44,122.4,3,Two year,Fiber optic,Mailed check,1,1,1
901,1,33.57,1,One year,Fiber optic,Bank transfer,0,1,0
902,4,60.23,3,Two year,DSL,Electronic check,0,1,1
903,16,112.65,3,Two year,Fiber optic,Mailed check,0,1,1
904,63,81.25,2,Month-to-month,Fiber optic,Mailed check,0,1,0
905,33,84.08,1,One year,Fiber optic,Electronic check,0,1,1
906,51,72.86,2,Month-to-month,Fiber optic,Mailed check,1,1,0
907,30,78.25,1,Two year,Fiber optic,Bank transfer,1,1,1
908,13,89.44,0,Month-to-month,DSL,Bank transfer,0,1,1
909,27,49.76,2,One year,Fiber optic,Bank transfer,1,1,1
910,7,91.95,4,Two year,Fiber optic,Mailed check,1,0,1
911,55,35.67,4,Month-to-month,DSL,Bank transfer,0,0,0
912,14,78.21,4,Two year,DSL,Mailed check,0,1,1
913,27,74.47,4,Month-to-month,Fiber optic,Credit card,0,0,1
914,70,54.59,2,Month-to-month,DSL,Credit card,0,1,1
915,43,69.43,1,Month-to-month,Fiber optic,Electronic check,0,1,1
916,33,54.44,1,Month-to-month,DSL,Mailed check,1,1,1
917,39,43.21,2,One year,Fiber optic,Electronic check,0,1,0
918,56,61.16,3,Two year,DSL,Bank transfer,0,1,0
919,19,42.4,2,Month-to-month,Fiber optic,Credit card,0,1,1
920,46,78.07,1,Month-to-month,Fiber optic,Bank transfer,0,0,1
921,62,41.25,2,Two year,Fiber optic,Bank transfer,0,1,0
922,41,87.8,0,One year,Fiber optic,Bank transfer,0,0,1
923,32,40.46,2,Month-to-month,Fiber optic,Mailed check,0,1,0
924,11,55.84,2,Two year,DSL,Mailed check,0,1,0
925,18,54.38,2,Month-to-month,Fiber optic,Mailed check,0,1,0
926,68,103.13,3,One year,Fiber optic,Credit card,0,1,1
927,39,78.26,1,Month-to-month,Fiber optic,Credit card,0,1,1
928,22,64.71,1,One year,Fiber optic,Bank transfer,0,1,0
929,30,82.47,2,Month-to-month,Fiber optic,Electronic check,0,1,0
930,42,18.0,0,Month-to-month,Fiber optic,Electronic check,0,1,1
931,39,68.92,3,One year,DSL,Bank transfer,0,0,1
932,50,119.94,1,Month-to-month,DSL,Credit card,0,1,0
933,19,73.31,3,Month-to-month,DSL,Bank transfer,1,0,0
934,47,71.7,2,One year,Fiber optic,Mailed check,1,1,0
935,32,83.7,4,One year,Fiber optic,Mailed check,0,1,1
936,67,92.39,2,Month-to-month,Fiber optic,Mailed check,0,0,0
937,12,20.06,2,Month-to-month,Fiber optic,Electronic check,0,1,1
938,11,27.94,2,Two year,DSL,Credit card,1,0,1
939,33,75.26,1,Month-to-month,No,Mailed check,0,0,0
940,37,52.13,0,Month-to-month,DSL,Credit card,0,0,1
941,50,102.8,1,Month-to-month,Fiber optic,Bank transfer,0,0,0
942,29,62.12,2,Month-to-month,Fiber optic,Mailed check,0,1,1
943,65,21.64,6,Two year,Fiber optic,Electronic check,0,1,1
944,34,38.3,1,Month-to-month,DSL,Credit card,0,1,1
945,10,18.0,1,Month-to-month,DSL,Electronic check,0,1,0
946,9,64.15,2,Month-to-month,Fiber optic,Credit card,0,1,1
947,70,65.29,1,Month-to-month,DSL,Bank transfer,0,1,1
948,10,59.39,4,Month-to-month,Fiber optic,Mailed check,0,1,0
949,68,96.97,0,Two year,Fiber optic,Bank transfer,0,0,1
950,20,99.96,4,One year,DSL,Mailed check,1,1,1
951,7,65.74,3,Month-to-month,DSL,Electronic check,0,1,1
952,22,18.0,3,Month-to-month,Fiber optic,Electronic check,1,0,0
953,44,85.43,2,Month-to-month,Fiber optic,Electronic check,0,1,1
954,31,83.88,2,Month-to-month,,Electronic check,1,0,0
955,56,77.73,3,One year,Fiber optic,Credit card,0,1,0
956,44,94.54,1,Month-to-month,DSL,Mailed check,0,1,1
957,29,40.88,4,One year,Fiber optic,Bank transfer,0,0,0
958,46,120.22,3,Two year,Fiber optic,Electronic check,1,1,1
959,69,46.01,0,Month-to-month,Fiber optic,Electronic check,1,1,0
960,30,88.73,1,Two year,Fiber optic,Electronic check,0,0,1
961,11,27.82,2,Month-to-month,No,Bank transfer,0,1,1
962,30,46.74,2,Month-to-month,Fiber optic,Mailed check,0,1,1
963,60,107.91,1,Two year,Fiber optic,Credit card,0,1,0
964,16,63.48,1,Month-to-month,Fiber optic,Electronic check,0,1,1
965,68,91.0,3,Month-to-month,Fiber optic,Electronic check,0,1,1
966,42,75.92,0,One year,DSL,Electronic check,0,1,1
967,43,67.38,3,Month-to-month,Fiber optic,Credit card,0,0,1
968,23,104.1,3,Two year,Fiber optic,Bank transfer,1,0,0
969,66,64.08,2,Month-to-month,DSL,Credit card,0,0,1
970,3,25.48,1,Two year,No,Electronic check,0,1,0
971,22,49.92,3,Month-to-month,Fiber optic,Electronic check,0,0,0
972,30,83.78,4,Month-to-month,Fiber optic,Electronic check,0,1,0
973,34,79.89,2,Month-to-month,No,Mailed check,0,1,1
974,34,30.82,1,Two year,DSL,Bank transfer,0,1,1
975,11,51.89,4,Month-to-month,DSL,Bank transfer,0,1,1
976,17,55.46,3,Two year,Fiber optic,Bank transfer,0,1,0
977,7,60.86,2,Month-to-month,Fiber optic,Credit card,0,1,1
978,41,35.6,2,Month-to-month,Fiber optic,Mailed check,0,0,1
979,25,54.29,4,Month-to-month,No,Mailed check,0,1,1
980,41,51.78,3,Month-to-month,DSL,Bank transfer,0,0,0
981,42,89.29,1,Two year,DSL,Mailed check,0,1,1
982,50,90.23,2,Month-to-month,Fiber optic,Credit card,0,1,1
983,39,66.35,3,One year,DSL,Credit card,0,0,1
984,47,60.2,5,Month-to-month,Fiber optic,Bank transfer,0,0,0
985,42,73.5,1,Month-to-month,Fiber optic,Bank transfer,0,1,1
986,47,49.59,3,One year,No,Credit card,0,1,1
987,44,41.33,2,Two year,Fiber optic,Electronic check,0,1,0
988,23,46.49,3,One year,DSL,Mailed check,0,0,0
989,18,54.13,1,Month-to-month,DSL,Bank transfer,0,0,1
990,56,40.91,3,One year,DSL,Bank transfer,0,1,1
991,25,74.05,1,One year,No,Credit card,0,1,1
992,39,88.24,6,Month-to-month,Fiber optic,Bank transfer,0,0,1
993,14,30.32,3,One year,Fiber optic,Mailed check,0,0,1
994,31,70.63,2,Month-to-month,DSL,Mailed check,0,1,1
995,38,64.5,2,One year,No,Credit card,0,1,1
996,45,78.54,2,Two year,DSL,Credit card,0,1,1
997,38,69.68,2,Two year,Fiber optic,Mailed check,0,1,0
998,26,33.66,0,Two year,Fiber optic,Credit card,0,1,0
999,69,38.44,2,One year,DSL,Electronic check,0,1,0
1000,37,70.74,2,One year,Fiber optic,Mailed check,0,0,1
1001,58,95.72,3,Month-to-month,DSL,Mailed check,0,0,1
1002,53,18.0,1,Month-to-month,Fiber optic,Electronic check,0,1,0
1003,40,78.64,4,Month-to-month,No,Bank transfer,1,1,1
1004,63,99.74,1,Month-to-month,Fiber optic,Mailed check,0,1,1
1005,10,66.17,2,Two year,Fiber optic,Electronic check,0,0,1
1006,66,83.76,1,Two year,Fiber optic,Mailed check,0,0,1
1007,61,52.42,0,Month-to-month,DSL,Electronic check,0,0,1
1008,36,67.02,4,Month-to-month,Fiber optic,Mailed check,0,1,0
1009,53,29.48,1,One year,Fiber optic,Mailed check,0,1,0
1010,37,18.0,2,Month-to-month,DSL,Credit card,1,1,0
1011,20,93.57,2,One year,Fiber optic,Bank transfer,0,1,1
1012,57,45.38,0,Two year,Fiber optic,Mailed check,0,0,0
1013,18,58.61,4,Month-to-month,Fiber optic,Credit card,0,1,0
1014,23,35.34,2,Month-to-month,DSL,Electronic check,0,0,1
1015,37,34.75,2,Month-to-month,No,Bank transfer,0,0,1
1016,60,65.65,3,Month-to-month,Fiber optic,Credit card,0,1,0
1017,28,51.76,6,Month-to-month,DSL,Electronic check,0,1,1
1018,36,79.45,2,Month-to-month,DSL,Mailed check,0,0,1
1019,3,81.31,0,Month-to-month,Fiber optic,Mailed check,0,0,1
1020,9,78.02,1,Month-to-month,Fiber optic,Bank transfer,0,1,1
1021,4,75.97,2,Month-to-month,Fiber optic,Credit card,0,0,0
1022,6,109.44,4,One year,DSL,Mailed check,0,1,1
1023,62,43.31,1,Month-to-month,Fiber optic,Mailed check,1,1,1
1024,60,68.63,1,Two year,Fiber optic,Electronic check,0,0,0
1025,59,98.32,3,Month-to-month,DSL,Electronic check,0,0,0
1026,4,101.61,2,Month-to-month,No,Electronic check,1,0,1
1027,6,34.46,1,Month-to-month,DSL,Credit card,0,1,1
1028,20,62.19,3,One year,DSL,Credit card,1,1,0
1029,41,103.95,1,Month-to-month,Fiber optic,Credit card,0,1,1
1030,24,82.7,1,Month-to-month,Fiber optic,Mailed check,0,0,0
1031,35,74.88,1,Month-to-month,DSL,Credit card,0,1,1
1032,13,64.56,3,Two year,Fiber optic,Electronic check,0,0,1
1033,52,60.4,2,Month-to-month,DSL,Bank transfer,0,0,1
1034,23,77.21,2,Month-to-month,Fiber optic,Credit card,0,1,0
1035,5,63.69,2,Two year,Fiber optic,Mailed check,0,1,0
1036,53,68.94,1,Month-to-month,No,Credit card,0,0,0
1037,65,71.96,2,Month-to-month,Fiber optic,Mailed check,0,0,1
1038,2,53.05,1,One year,Fiber optic,Mailed check,0,1,1
1039,32,83.3,5,Month-to-month,Fiber optic,Mailed check,0,0,1
1040,59,142.86,2,Month-to-month,DSL,Credit card,1,0,1
1041,51,25.58,4,Month-to-month,DSL,Mailed check,0,1,1
1042,61,78.1,4,Month-to-month,No,Electronic check,0,0,0
1043,30,51.0,3,Two year,DSL,Bank transfer,0,1,0
1044,27,84.44,3,One year,Fiber optic,Electronic check,0,1,0
1045,51,71.16,3,One year,DSL,Bank transfer,0,1,1
1046,11,89.05,3,Month-to-month,Fiber optic,Bank transfer,1,1,1
1047,17,99.39,2,One year,DSL,Bank transfer,0,1,1
1048,43,74.81,3,One year,No,Electronic check,0,1,1
1049,48,98.3,1,Month-to-month,Fiber optic,Electronic check,1,0,1
1050,9,18.0,3,Two year,DSL,Credit card,0,0,1
1051,37,109.76,1,Month-to-month,Fiber optic,Credit card,0,1,1
1052,26,79.38,2,One year,Fiber optic,Mailed check,0,0,1
1053,36,96.95,0,Month-to-month,DSL,Electronic check,0,0,0
1054,69,39.5,3,Month-to-month,DSL,Mailed check,0,0,0
1055,6,49.23,2,One year,Fiber optic,Bank transfer,0,1,1
1056,71,73.65,4,One year,Fiber optic,Bank transfer,0,0,0
1057,32,69.57,1,Month-to-month,DSL,Bank transfer,0,1,1
1058,55,77.08,1,Month-to-month,No,Electronic check,0,1,1
1059,31,97.11,0,One year,DSL,Mailed check,0,1,0
1060,23,25.87,0,Month-to-month,DSL,Electronic check,1,0,1
1061,55,94.35,2,Month-to-month,Fiber optic,Bank transfer,0,1,1
1062,49,70.21,3,One year,DSL,Mailed check,1,0,1
1063,11,64.91,3,Month-to-month,DSL,Electronic check,0,1,1
1064,51,33.22,1,Month-to-month,Fiber optic,Bank transfer,0,1,0
1065,54,82.58,4,Month-to-month,DSL,Credit card,0,0,1
1066,28,18.0,1,Two year,DSL,Electronic check,0,1,0
1067,66,86.21,1,Month-to-month,Fiber optic,Electronic check,0,1,0
1068,46,32.7,3,One year,Fiber optic,Mailed check,1,1,1
1069,24,71.34,0,Two year,Fiber optic,Credit card,0,1,1
1070,1,67.02,1,One year,Fiber optic,Credit card,0,1,1
1071,48,99.24,1,Month-to-month,Fiber optic,Mailed check,0,1,1
1072,15,65.53,5,Month-to-month,DSL,Electronic check,1,1,0
1073,54,52.65,4,Month-to-month,Fiber optic,Credit card,0,0,1
1074,38,57.33,2,One year,,Credit card,0,1,1
1075,34,101.82,1,Two year,DSL,Bank transfer,0,1,0
1076,12,83.41,1,One year,Fiber optic,Electronic check,1,1,1
1077,51,60.36,0,Month-to-month,Fiber optic,Credit card,0,1,1
1078,12,64.09,0,Month-to-month,Fiber optic,Bank transfer,0,1,1
1079,30,30.82,1,Two year,DSL,Electronic check,0,1,1
1080,60,79.71,0,Month-to-month,DSL,Mailed check,0,0,1
1081,66,26.0,1,Two year,Fiber optic,Bank transfer,0,0,1
1082,71,88.79,4,Month-to-month,Fiber optic,Bank transfer,0,1,1
1083,69,73.22,0,One year,Fiber optic,Bank transfer,0,0,0
1084,40,129.67,1,One year,DSL,Credit card,1,0,1
1085,15,42.5,0,Month-to-month,DSL,Credit card,1,0,0
1086,60,67.43,1,Month-to-month,Fiber optic,Mailed check,1,1,1
1087,57,114.96,0,Two year,Fiber optic,Credit card,1,1,0
1088,71,99.78,2,Month-to-month,DSL,Mailed check,0,1,0
1089,47,52.59,0,Month-to-month,DSL,Credit card,1,0,0
1090,11,75.6,1,Month-to-month,DSL,Electronic check,1,1,1
1091,36,70.05,4,Month-to-month,DSL,Mailed check,0,0,1
1092,32,77.05,2,One year,Fiber optic,Electronic check,0,1,1
1093,60,52.53,2,Month-to-month,DSL,Electronic check,0,1,0
1094,28,67.77,1,Month-to-month,Fiber optic,Bank transfer,0,0,1
1095,24,30.05,2,Two year,Fiber optic,Electronic check,0,1,1
1096,6,73.38,1,Month-to-month,No,Electronic check,0,0,1
1097,60,81.25,0,Month-to-month,No,Bank transfer,0,1,1
1098,54,64.31,2,One year,DSL,Credit card,0,0,1
1099,3,29.62,4,Two year,DSL,Mailed check,0,1,0
1100,31,94.71,2,One year,DSL,Credit card,1,1,1
1101,35,79.11,2,Two year,Fiber optic,Mailed check,0,1,0
1102,34,51.85,2,Month-to-month,DSL,Mailed check,0,1,0
1103,66,62.98,5,Month-to-month,Fiber optic,Credit card,0,0,0
1104,11,32.48,5,Two year,DSL,Electronic check,1,1,0
1105,22,44.36,3,Two year,DSL,Electronic check,1,1,1
1106,13,56.55,2,Month-to-month,Fiber optic,Credit card,0,0,1
1107,18,100.71,1,Month-to-month,Fiber optic,Mailed check,0,0,1
1108,65,54.01,2,Month-to-month,Fiber optic,Credit card,0,0,1
1109,67,86.01,3,Month-to-month,No,Credit card,0,0,1
1110,4,56.54,3,Two year,DSL,Mailed check,0,1,1
1111,45,76.2,1,One year,DSL,Electronic check,0,1,1
1112,17,66.47,3,Month-to-month,Fiber optic,Credit card,0,1,1
1113,14,91.83,0,Month-to-month,Fiber optic,Credit card,0,1,1
1114,21,56.63,3,Month-to-month,Fiber optic,Bank transfer,0,0,1
1115,14,30.69,2,Month-to-month,DSL,Credit card,0,1,1
1116,35,35.45,2,One year,No,Credit card,0,0,1
1117,71,56.7,1,Month-to-month,DSL,Electronic check,0,0,1
1118,42,38.77,3,Month-to-month,Fiber optic,Credit card,0,0,1
1119,52,80.26,2,One year,Fiber optic,Bank transfer,0,0,1
1120,36,58.36,1,Two year,No,Bank transfer,1,1,0
1121,1,129.37,3,Month-to-month,Fiber optic,Mailed check,0,1,1
1122,6,26.56,3,Month-to-month,No,Mailed check,0,0,1
1123,20,75.09,4,Month-to-month,DSL,Mailed check,0,0,1
1124,18,41.8,1,Month-to-month,Fiber optic,Bank transfer,0,1,0
1125,60,57.66,0,Month-to-month,Fiber optic,Electronic check,1,0,0
1126,60,73.54,3,One year,Fiber optic,Electronic check,0,1,1
1127,61,18.0,3,Month-to-month,Fiber optic,Mailed check,0,1,1
1128,46,75.92,7,Month-to-month,No,Electronic check,0,1,1
1129,40,117.57,3,Two year,DSL,Mailed check,0,1,1
1130,47,58.66,3,Month-to-month,Fiber optic,Electronic check,1,1,0
1131,29,76.5,3,One year,No,Mailed check,0,1,1
1132,48,95.62,2,One year,No,Electronic check,0,1,0
1133,57,65.9,3,Two year,No,Electronic check,0,1,0
1134,55,55.48,3,One year,No,Electronic check,0,1,1
1135,44,18.0,2,Two year,DSL,Bank transfer,0,1,1
1136,5,86.02,2,One year,No,Electronic check,1,1,1
1137,52,67.17,1,Month-to-month,Fiber optic,Bank transfer,0,0,1
1138,27,44.68,4,Month-to-month,Fiber optic,Electronic check,0,1,1
1139,53,73.16,2,Month-to-month,Fiber optic,Bank transfer,1,1,0
1140,39,55.41,2,Month-to-month,Fiber optic,Mailed check,0,1,1
1141,63,56.79,2,Month-to-month,Fiber optic,Electronic check,0,0,0
1142,25,85.16,1,Month-to-month,Fiber optic,Electronic check,0,0,0
1143,67,36.54,2,Month-to-month,DSL,Credit card,0,0,1
1144,60,96.18,2,Month-to-month,DSL,Mailed check,0,1,1
1145,24,35.06,2,Month-to-month,Fiber optic,Mailed check,0,1,0
1146,35,53.43,2,One year,DSL,Credit card,0,1,1
1147,38,118.07,2,Month-to-month,Fiber optic,Bank transfer,1,0,0
1148,55,98.18,3,One year,DSL,Electronic check,0,0,1
1149,49,72.44,6,Month-to-month,Fiber optic,Mailed check,0,1,1
1150,61,46.49,3,Two year,DSL,Electronic check,1,1,0
1151,27,56.77,0,One year,DSL,Bank transfer,0,1,1
1152,36,71.83,3,Month-to-month,Fiber optic,Bank transfer,0,1,0
1153,31,70.94,1,Two year,DSL,Mailed check,0,0,0
1154,65,67.73,5,Month-to-month,DSL,Mailed check,0,1,1
1155,22,69.23,2,One year,DSL,Mailed check,0,1,0
1156,42,64.64,2,One year,DSL,Bank transfer,0,0,0
1157,9,33.95,2,Month-to-month,Fiber optic,Bank transfer,0,1,0
1158,61,57.09,2,One year,DSL,Credit card,0,1,0
1159,28,92.87,1,Month-to-month,Fiber optic,Mailed check,0,1,1
1160,25,35.79,0,Month-to-month,Fiber optic,Mailed check,0,1,0
1161,42,65.26,1,Month-to-month,Fiber optic,Credit card,0,1,1
1162,36,49.51,2,Month-to-month,Fiber optic,Credit card,0,1,1
1163,61,72.78,1,Month-to-month,DSL,Electronic check,0,1,1
1164,38,60.28,1,One year,No,Bank transfer,0,1,1
1165,37,106.93,3,Month-to-month,Fiber optic,Bank transfer,1,1,1
1166,8,82.66,1,Month-to-month,DSL,Bank transfer,0,1,1
1167,2,37.2,2,One year,No,Electronic check,0,0,1
1168,29,86.78,0,Month-to-month,Fiber optic,Mailed check,1,1,1
1169,71,50.63,3,Month-to-month,Fiber optic,Mailed check,1,1,0
1170,66,55.58,2,One year,No,Bank transfer,0,0,1
1171,45,77.85,3,Two year,DSL,Mailed check,0,1,1
1172,45,57.71,2,Month-to-month,Fiber optic,Electronic check,0,1,0
1173,28,,2,Month-to-month,Fiber optic,Credit card,0,1,1
1174,13,50.64,1,One year,Fiber optic,Mailed check,0,1,0
1175,1,54.53,1,Two year,DSL,Bank transfer,0,1,0
1176,25,53.59,3,Month-to-month,DSL,Electronic check,0,1,1
1177,23,55.86,3,Month-to-month,No,Electronic check,0,1,0
1178,14,97.48,2,Month-to-month,DSL,Mailed check,1,0,1
1179,19,85.72,0,One year,DSL,Mailed check,0,0,0
1180,2,112.75,2,Two year,Fiber optic,Mailed check,0,1,1
1181,44,126.69,1,One year,Fiber optic,Electronic check,0,1,0
1182,66,44.23,1,Month-to-month,DSL,Bank transfer,0,1,0
1183,50,71.76,2,One year,Fiber optic,Bank transfer,0,0,1
1184,32,40.59,2,Two year,Fiber optic,Mailed check,0,1,0
1185,30,50.56,5,Month-to-month,Fiber optic,Credit card,0,1,0
1186,22,54.25,4,One year,DSL,Electronic check,0,1,1
1187,11,43.57,0,Month-to-month,DSL,Electronic check,0,1,0
1188,43,43.7,4,Month-to-month,Fiber optic,Credit card,0,1,1
1189,41,66.39,4,One year,DSL,Electronic check,0,1,0
1190,1,39.58,1,Month-to-month,Fiber optic,Bank transfer,0,1,1
1191,30,91.05,1,Two year,DSL,Bank transfer,0,1,0
1192,20,47.06,3,Month-to-month,Fiber optic,Electronic check,0,1,0
1193,13,140.24,1,Month-to-month,No,Credit card,0,0,1
1194,50,58.72,2,Month-to-month,Fiber optic,Credit card,0,1,1
1195,38,71.8,2,Month-to-month,No,Bank transfer,0,0,0
1196,45,37.62,1,Month-to-month,No,Electronic check,0,1,0
1197,51,112.65,2,One year,Fiber optic,Credit card,0,1,1
1198,70,97.99,0,Month-to-month,Fiber optic,Bank transfer,0,0,1
1199,57,77.42,3,Month-to-month,No,Bank transfer,0,0,0
1200,45,36.33,6,One year,No,Electronic check,0,0,0
